timestamp,page
2024-02-16 10:16:33,dashboard
2024-02-16 10:16:33,home
2024-02-16 10:16:33,reports
2024-02-16 10:16:35,dashboard
2024-02-16 10:16:35,home
2024-02-16 10:16:35,reports
2024-04-17 16:37:32,home
2024-04-17 16:37:34,home
2024-04-17 16:39:26,home
2024-04-17 16:39:28,home
2024-04-17 16:41:46,home
2024-04-17 16:42:05,home
2024-04-17 16:42:17,home
2024-04-17 16:42:20,home
2024-04-17 16:42:50,home
2024-04-17 16:43:09,home
2024-04-17 16:43:11,home
2024-04-17 16:43:45,home
2024-04-17 16:43:59,home
2024-04-17 16:44:22,home
2024-04-17 16:45:18,home
2024-04-17 16:45:28,home
2024-04-17 16:45:30,home
2024-04-17 16:51:43,home
2024-04-17 16:52:11,home
2024-04-17 16:53:30,home
2024-04-17 16:54:15,home
2024-04-17 16:54:17,home
2024-04-17 16:55:09,home
2024-04-17 16:55:11,home
2024-04-17 19:39:13,home
2024-04-17 19:39:15,home
2024-04-17 19:44:14,home
2024-04-17 19:52:59,home
2024-04-17 19:53:01,home
2024-04-17 19:54:06,home
2024-04-17 19:56:59,home
2024-04-17 19:58:15,home
2024-04-17 20:04:18,home
2024-04-17 20:05:04,home
2024-04-17 20:06:06,home
2024-04-17 20:06:18,home
2024-04-17 20:50:08,home
2024-04-17 20:50:11,home
2024-04-17 20:50:36,home
2024-04-17 20:51:03,home
2024-04-17 20:51:17,home
2024-04-17 20:51:32,home
2024-04-17 20:52:00,home
2024-04-17 20:52:11,home
2024-04-17 20:54:10,home
2024-04-17 20:54:30,home
2024-04-17 20:58:25,home
2024-04-17 20:58:48,home
2024-04-17 20:59:04,home
2024-04-17 21:04:11,home
2024-04-17 21:04:19,home
2024-04-17 21:06:16,home
2024-04-17 21:16:34,home
2024-04-17 21:48:08,home
2024-04-17 21:48:52,home
2024-04-17 21:49:11,home
2024-04-17 21:49:45,home
2024-04-17 21:50:24,home
2024-04-17 21:51:24,home
2024-04-17 21:52:04,home
2024-04-17 21:59:58,home
2024-04-17 22:03:51,home
2024-04-17 22:05:27,home
2024-04-17 22:07:29,home
2024-04-17 22:08:22,home
2024-04-17 22:08:59,home
2024-04-17 22:09:49,home
2024-04-18 09:25:36,home
2024-04-18 09:26:19,home
2024-04-18 09:26:22,home
2024-04-18 09:26:46,home
2024-04-18 09:28:30,home
2024-04-18 09:28:56,home
2024-04-18 09:29:12,home
2024-04-18 09:29:37,home
2024-04-18 09:30:57,home
2024-04-18 09:31:23,home
2024-04-18 09:49:32,home
2024-04-18 09:50:04,home
2024-04-18 09:51:22,home
2024-04-18 09:51:25,home
2024-04-18 09:51:59,home
2024-04-18 09:52:57,home
2024-04-18 09:53:31,home
2024-04-18 09:54:49,home
2024-04-18 09:55:20,home
2024-04-18 09:55:23,home
2024-04-18 09:58:01,home
2024-04-18 10:03:19,home
2024-04-18 10:04:48,home
2024-04-18 10:07:06,home
2024-04-18 10:12:47,home
2024-04-18 10:13:52,home
2024-04-18 10:16:23,home
2024-04-18 10:17:06,home
2024-04-18 10:17:56,home
2024-04-18 10:18:16,home
2024-04-18 10:18:43,home
2024-04-18 10:19:02,home
2024-04-18 10:19:20,home
2024-04-18 10:25:16,home
2024-04-18 10:26:00,home
2024-04-18 10:31:28,home
2024-04-18 10:32:12,home
2024-04-18 11:43:00,home
2024-04-18 11:43:03,home
2024-04-18 11:45:32,home
2024-04-18 11:46:13,home
2024-04-18 11:47:22,home
2024-04-18 11:47:25,home
2024-04-18 11:51:29,home
2024-04-18 11:52:26,home
2024-04-18 11:53:06,home
2024-04-18 11:53:34,home
2024-04-18 11:53:37,home
2024-04-18 11:55:52,home
2024-04-18 11:56:31,home
2024-04-18 12:09:34,home
2024-04-18 12:16:12,home
2024-04-18 12:29:03,home
2024-04-18 12:41:16,home
2024-04-18 12:44:24,home
2024-04-18 12:55:12,home
2024-04-18 14:05:11,home
2024-04-18 14:10:09,home
2024-04-18 14:10:21,home
2024-04-18 14:13:34,home
2024-04-18 14:38:05,home
2024-04-18 14:38:08,home
2024-04-18 14:45:57,home
2024-04-18 14:47:13,home
2024-04-18 14:50:24,home
2024-04-18 14:50:55,home
2024-04-18 14:53:23,home
2024-04-18 15:13:56,home
2024-04-18 15:17:17,home
2024-04-18 15:18:11,home
2024-04-18 15:19:12,home
2024-04-18 15:20:21,home
2024-04-18 15:20:47,home
2024-04-18 15:21:14,home
2024-04-18 15:21:33,home
2024-04-18 15:22:49,home
2024-04-18 15:22:52,home
